Shoe Name,MRP
NikeCourt LegacyMen's Shoes,MRP : ₹ 5 695.00
Nike Air Max LTD 3Men's Shoe,MRP : ₹ 10 995.00
Nike Air Force 1 '07 LV8Men's Shoes,MRP : ₹ 10 795.00
Nike Blazer Low '77 PremiumMen's Shoes,MRP : ₹ 8 595.00
Nike Dunk High RetroMen's Shoe,MRP : ₹ 9 295.00
Nike Air Max 90Men's Shoes,MRP : ₹ 11 895.00
Nike Pegasus 40 PremiumMen's Road Running Shoes,MRP : ₹ 12 795.00
Nike Invincible 3Men's Road Running Shoes,MRP : ₹ 16 995.00
Nike Dunk Hi RetroMen's Shoes,MRP : ₹ 10 295.00
Nike Air Max Plus Mercurial 25Men's Shoes,MRP : ₹ 18 395.00
Nike Waffle One SEMen's Shoes,MRP : ₹ 9 695.00
Nike Air Max 270Men's Shoes,MRP : ₹ 14 995.00
Nike Air Force 1 '07Men's Shoes,MRP : ₹ 9 695.00
Air Jordan 13 RetroMen's Shoes,MRP : ₹ 16 595.00
Nike Vaporfly 3Men's Road Racing Shoes,MRP : ₹ 20 695.00
Nike Air Force 1 '07Men's Shoes,MRP : ₹ 8 895.00
Nike Revolution 6Men's Road Running Shoes,MRP : ₹ 3 695.00
Nike Air Max TWMen's Shoes,MRP : ₹ 14 995.00
Nike Air Force 1 '07 LV8Men's Shoes,MRP : ₹ 10 795.00
Nike Pegasus 40Men's Road Running Shoes,MRP : ₹ 11 895.00
Nike Pegasus 40Men's Road Running Shoes (Extra Wide),MRP : ₹ 11 895.00
Nike Free Metcon 5Men's Training Shoes,MRP : ₹ 10 795.00
Air Jordan 1 Retro High OGMen's Shoes,MRP : ₹ 16 995.00
Jordan Nu Retro 1 LowMen's Shoes,MRP : ₹ 9 195.00
